Table Name,Rows,Columns,ML: Loading I,ML: Compute Time,ML: Loading II,ML: Validation Time,ML: Total,Naive: Loading,Naive: Compute Time,Naive: Total,True Pos,True Neg,False Pos,False Neg
100-10.parquet,100,10,0.007162060588598251,1.9453033320605755,0.003336813300848007,0.00018812716007232666,1.9559939168393612,0.003291994333267212,0.00042797625064849854,0.003721427172422409,3,7,0,0
1000-10.parquet,1000,10,0.0016687996685504913,1.903506875038147,0.003287479281425476,0.0006284154951572418,1.9090951569378376,0.0030563995242118835,0.0017966553568840027,0.004853971302509308,3,7,0,0
10000-10.parquet,10000,10,0.0028518959879875183,1.9060719460248947,0.003764290362596512,0.0069547779858112335,1.9196481332182884,0.004345640540122986,0.020992834120988846,0.025339525192975998,3,7,0,0
100000-10.parquet,100000,10,0.007724829018115997,1.9095068275928497,0.006569951772689819,0.07436874136328697,1.9981749355793,0.010057885199785233,0.24933085218071938,0.25939079746603966,3,7,0,0
1000000-10.parquet,1000000,10,0.031167607754468918,1.9082276374101639,0.028222694993019104,1.3814233131706715,3.349048137664795,0.040371160954236984,4.720485333353281,4.760860446840525,3,7,0,0
10000000-10.parquet,10000000,10,0.24052763357758522,1.911706104874611,0.26431337371468544,18.850886669009924,21.267441116273403,0.4768300876021385,62.994087126106024,63.47092107310891,3,7,0,0
100000000-10.parquet,100000000,10,1.6023986004292965,1.9012825675308704,2.360343374311924,253.95857581868768,259.82260693982244,4.500701207667589,858.0557726882398,862.5564770698547,3,7,0,0
5000000-10.parquet,5000000,10,0.11723370850086212,1.8928483836352825,0.11064806208014488,8.731336403638124,10.85207498818636,0.18523675203323364,28.96718416363001,29.15242387726903,3,7,0,0
50000000-10.parquet,50000000,10,1.172201544046402,1.8876334801316261,1.3355166614055634,114.44143295660615,118.8367937207222,2.3191312849521637,379.5390679575503,381.8582023233175,3,7,0,0
