Table Name,Rows,Columns,ML: Loading,ML: Compute Time,ML: Loading,ML: Validation Time,ML: Total,Naive: Loading,Naive: Compute Time,Naive: Total
100-10.parquet,100,10,0.001980859786272049,0.4628214128315449,0.0026520714163780212,0.0004830211400985718,0.4679415673017502,0.0035315826535224915,0.0007953979074954987,0.004328262060880661
1000-10.parquet,1000,10,0.0014855936169624329,0.4459594003856182,0.002548057585954666,0.0005011968314647675,0.45049820467829704,0.0028338804841041565,0.0008906349539756775,0.0037256963551044464
10000-10.parquet,10000,10,0.002402260899543762,0.44845473766326904,0.003322497010231018,0.0008635967969894409,0.455047108232975,0.004089862108230591,0.0018235445022583008,0.00591442734003067
100000-10.parquet,100000,10,0.008733812719583511,0.4560643248260021,0.005807168781757355,0.004059262573719025,0.4746689423918724,0.008368361741304398,0.01082860678434372,0.01919795200228691
1000000-10.parquet,1000000,10,0.03275034949183464,1.1299131698906422,0.026691321283578873,0.06524758785963058,1.2546102404594421,0.040272124111652374,0.2985432930290699,0.33881720900535583
10000000-10.parquet,10000000,10,0.2567618750035763,0.4612680748105049,0.27947865799069405,3.0808365792036057,4.078352630138397,0.5139615572988987,10.174633752554655,10.688597910106182
100000000-10.parquet,100000000,10,1.8038806468248367,0.48869403451681137,2.65959046036005,37.178398087620735,42.13057104870677,4.652426801621914,123.8766691237688,128.52909834682941
5000000-10.parquet,5000000,10,0.12788331881165504,0.447891715914011,0.115582425147295,1.3093204237520695,2.0006831623613834,0.2512173764407635,4.545603189617395,4.796822849661112
50000000-10.parquet,50000000,10,1.3803467079997063,0.9087180159986019,1.4011145196855068,17.238082572817802,20.928270868957043,2.453092884272337,56.44423431158066,58.89732987433672
