Table Name,Rows,Columns,ML: Loading I,ML: Compute Time,ML: Loading II,ML: Validation Time,ML: Total,Naive: Loading,Naive: Compute Time,Naive: Total,True Pos,True Neg,False Pos,False Neg
100-10.parquet,100,10,0.02912537381052971,0.899570744484663,0.0036840997636318207,0.0002446696162223816,0.9326286278665066,0.003718029707670212,0.0007422342896461487,0.004461396485567093,3,7,0,0
1000-10.parquet,1000,10,0.0020650289952754974,0.9051245786249638,0.0034871920943260193,0.0007117167115211487,0.9113920778036118,0.0033497102558612823,0.0020840689539909363,0.00543474406003952,3,7,0,0
10000-10.parquet,10000,10,0.0028952546417713165,0.9166791588068008,0.004048410803079605,0.006622835993766785,0.9302491620182991,0.003516625612974167,0.020781606435775757,0.024299215525388718,3,7,0,0
100000-10.parquet,100000,10,0.008683506399393082,0.901416327804327,0.006765425205230713,0.07540498673915863,0.9922752007842064,0.009716510772705078,0.25720880925655365,0.2669275067746639,3,7,0,0
1000000-10.parquet,1000000,10,0.031475868076086044,0.902852289378643,0.02636338397860527,1.348434031009674,2.3091319017112255,0.04984406754374504,4.63616007193923,4.686008132994175,3,7,0,0
10000000-10.parquet,10000000,10,0.23177139461040497,0.9039345383644104,0.25373097136616707,18.967154767364264,20.356599539518356,0.5272402614355087,62.58950721472502,63.11675075441599,3,7,0,0
100000000-10.parquet,100000000,10,1.5868906788527966,0.9009557627141476,2.361918605864048,256.2623420394957,261.1121146790683,4.378061696887016,857.103913333267,861.4819798953831,3,7,0,0
5000000-10.parquet,5000000,10,0.1133599765598774,0.9028606042265892,0.1086769551038742,8.686597976833582,9.811502512544394,0.18318292871117592,29.222491808235645,29.405678126960993,3,7,0,0
50000000-10.parquet,50000000,10,1.161398857831955,0.9028315655887127,1.3095622211694717,114.86332761868834,118.23712820187211,2.224368941038847,381.80937069654465,384.0337428636849,3,7,0,0
