Model Input Size,Avg. rows,Columns,Accuracy,Precision,Recall,F1
5,277.56173333333334,307030,0.7038921278051005,0.2687803622558955,1.0,0.4236830427892235
10,277.56173333333334,307030,0.8329283783343647,0.39448025119814906,1.0,0.5657738800663664
20,277.56173333333334,307030,0.9096993779109533,0.546554797769164,1.0,0.7068030160425545
50,277.56173333333334,307030,0.9697521414845455,0.7825313195176209,1.0,0.8780000788198048
