Table Name,Rows,Columns,ML: Loading,ML: Compute Time,ML: Loading,ML: Validation Time,ML: Total,Naive: Loading,Naive: Compute Time,Naive: Total
100-10.csv,100,11,0.0013983659446239471,0.46249524131417274,0.0002852194011211395,0.0004886612296104431,0.4646712802350521,0.0033191367983818054,0.0010240226984024048,0.004345383495092392
1000-10.csv,1000,11,0.0015253424644470215,0.4546141251921654,0.0002801083028316498,0.0005592592060565948,0.4569825455546379,0.0014531761407852173,0.0009415037930011749,0.002395670861005783
10000-10.csv,10000,11,0.005308698862791061,0.4623655192553997,0.00031660497188568115,0.0008607655763626099,0.4688553065061569,0.004786718636751175,0.0018841922283172607,0.006671831011772156
100000-10.csv,100000,11,0.04918442294001579,0.45289866998791695,0.00048614293336868286,0.004137460142374039,0.506711270660162,0.046222034841775894,0.011573649942874908,0.057797499001026154
1000000-10.csv,1000000,11,0.5197780914604664,0.8118924647569656,0.0027795173227787018,0.06204579025506973,1.3965065367519855,0.5032373070716858,0.20661019906401634,0.7098506987094879
10000000-10.csv,10000000,11,5.391388587653637,0.46132491156458855,0.014359816908836365,0.48215193673968315,6.3492357693612576,5.3463060818612576,11.063434012234211,16.40974271669984
100000000-10.csv,100000000,11,57.785838920623064,0.44909388199448586,0.13414452224969864,6.191241502761841,64.56032802537084,58.25962960347533,134.2888114117086,192.54844381660223
5000000-10.csv,5000000,11,2.819506298750639,0.44385555386543274,0.0183035247027874,0.19908218458294868,3.4807579927146435,2.841877605766058,4.250652331858873,7.092532407492399
50000000-10.csv,50000000,11,30.596801783889532,0.44951922446489334,0.20022931694984436,14.521173641085625,45.76773268356919,30.49704236537218,63.96214532852173,94.45919089019299
