Table Name,Rows,Columns,ML: Loading,ML: Compute Time,ML: Loading,ML: Validation Time,ML: Total,Naive: Loading,Naive: Compute Time,Naive: Total,True Pos,True Neg,False Pos,False Neg
100-10.csv,100,10,0.0013715997338294983,1.081736620515585,0.00028934702277183533,0.00013961642980575562,1.0835406184196472,0.0035197585821151733,0.000460602343082428,0.003982387483119965,3,7,0,0
1000-10.csv,1000,10,0.0017428211867809296,0.44873979315161705,0.0002886280417442322,0.0006883814930915833,0.4514627978205681,0.001764737069606781,0.0019485577940940857,0.0037141181528568268,3,7,0,0
10000-10.csv,10000,10,0.006049167364835739,0.4461151845753193,0.0003224089741706848,0.0066703855991363525,0.4591604061424732,0.004948511719703674,0.02154451236128807,0.026493944227695465,3,7,0,0
100000-10.csv,100000,10,0.045351963490247726,0.4520450010895729,0.0005494356155395508,0.07624179869890213,0.5741918832063675,0.04536738619208336,0.2569229155778885,0.30229223147034645,3,7,0,0
1000000-10.csv,1000000,10,0.4341592788696289,0.45401742681860924,0.002613682299852371,1.3692879006266594,2.2600879333913326,0.42689408361911774,4.622690767049789,5.0495885498821735,3,7,0,0
10000000-10.csv,10000000,10,4.655362159013748,0.4464701749384403,0.040527310222387314,19.115534022450447,24.25790297240019,4.606263380497694,62.93486054614186,67.54112743958831,3,7,0,0
100000000-10.csv,100000000,10,52.42867323383689,0.44395049661397934,0.3966699093580246,257.90396685898304,311.1732710637152,52.22971136868,854.4166974648833,906.6464131213725,3,7,0,0
5000000-10.csv,5000000,10,2.4758735559880733,0.4505492337048054,0.02052919566631317,8.824372578412294,11.771335251629353,2.4555414877831936,29.341374270617962,31.796920645982027,3,7,0,0
50000000-10.csv,50000000,10,27.298193652182817,0.4581984207034111,0.19985292106866837,114.69358796998858,142.64984269440174,27.074549317359924,381.05869172513485,408.1332451477647,3,7,0,0
