Table Name,Rows,Columns,ML: Loading,ML: Compute Time,ML: Loading,ML: Validation Time,ML: Total,Naive: Loading,Naive: Compute Time,Naive: Total
100-10.csv,100,11,0.0014688223600387573,0.45696716755628586,0.0002842023968696594,0.0006196089088916779,0.4593438096344471,0.004502277821302414,0.0011452585458755493,0.005650065839290619
1000-10.csv,1000,11,0.0015321969985961914,0.44833698123693466,0.00027764588594436646,0.0006541088223457336,0.4508046619594097,0.0014695227146148682,0.0008901804685592651,0.0023606568574905396
10000-10.csv,10000,11,0.005307372659444809,0.45047756657004356,0.00031334906816482544,0.0010888352990150452,0.4571909084916115,0.0047907233238220215,0.0018388330936431885,0.006630469113588333
100000-10.csv,100000,11,0.0486169159412384,0.44972309470176697,0.0006383061408996582,0.0058894082903862,0.5048719309270382,0.04523139446973801,0.011442065238952637,0.05667479708790779
1000000-10.csv,1000000,11,0.5088414549827576,0.5675755999982357,0.00439804419875145,0.10375624895095825,1.1845812387764454,0.49533598497509956,0.20537902414798737,0.7007169798016548
10000000-10.csv,10000000,11,5.435739729553461,0.45053447037935257,0.013999689370393753,0.47311361879110336,6.373396761715412,5.305142246186733,10.908588532358408,16.21373325586319
100000000-10.csv,100000000,11,57.84344410523772,0.44713470712304115,0.656488660722971,55.752947587519884,114.70002414658666,58.28238317742944,132.18306048214436,190.465445920825
5000000-10.csv,5000000,11,2.834052760154009,0.451367124915123,0.00436040386557579,0.19802822545170784,3.4878173358738422,2.8572059758007526,4.280261341482401,7.137470066547394
50000000-10.csv,50000000,11,30.268971875309944,0.45458056405186653,0.3300497271120548,25.493734922260046,56.54734632000327,30.46363213658333,61.101441230624914,91.56507621333003
