Table Name,Rows,Columns,ML: Loading,ML: Compute Time,ML: Loading,ML: Validation Time,ML: Total,Naive: Loading,Naive: Compute Time,Naive: Total
100-10.csv,100,11,0.0013983845710754395,0.44594864547252655,0.00029401853680610657,0.0004631020128726959,0.4481084495782852,0.002492528408765793,0.0009221360087394714,0.0034161843359470367
1000-10.csv,1000,11,0.0015342533588409424,0.4470500759780407,0.00027837976813316345,0.0004523247480392456,0.4493184722959995,0.0013673342764377594,0.000882808119058609,0.0022511184215545654
10000-10.csv,10000,11,0.005099788308143616,0.4456295259296894,0.0003319196403026581,0.0006557665765285492,0.4517209678888321,0.004658207297325134,0.0018639899790287018,0.006523139774799347
100000-10.csv,100000,11,0.04880928993225098,0.4549560621380806,0.000466320663690567,0.002929985523223877,0.507166501134634,0.045153409242630005,0.011759914457798004,0.056915171444416046
1000000-10.csv,1000000,11,0.5050840452313423,0.45604778453707695,0.001865684986114502,0.04081497713923454,1.00382100045681,0.4930899329483509,0.2269020602107048,0.7199939154088497
10000000-10.csv,10000000,11,5.317437876015902,0.4465886801481247,0.027638860046863556,1.482057809829712,7.273733038455248,5.285238835960627,10.966855857521296,16.252097319811583
100000000-10.csv,100000000,11,57.22099067270756,0.4461497403681278,0.13324246183037758,5.859616283327341,63.660010267049074,57.57213298231363,133.47964021191,191.05177588015795
5000000-10.csv,5000000,11,2.803155053406954,0.44780365750193596,0.01427304744720459,0.5923643261194229,3.8576059378683567,2.8321346789598465,4.224657770246267,7.056795638054609
50000000-10.csv,50000000,11,30.19649786874652,0.4407278634607792,0.13350403681397438,8.730026487261057,39.500764813274145,30.360834877938032,61.673870485275984,92.03470773994923
