Table Name,Rows,Columns,ML: Loading I,ML: Compute Time,ML: Loading II,ML: Validation Time,ML: Total,Naive: Loading,Naive: Compute Time,Naive: Total,True Pos,True Neg,False Pos,False Neg
100-10.csv,100,10,0.0014230050146579742,0.4579908475279808,0.00030028820037841797,8.570775389671326e-05,0.45980389416217804,0.0021946467459201813,0.0003929063677787781,0.002588793635368347,1,9,0,0
1000-10.csv,1000,10,0.0017430223524570465,0.44894158467650414,0.0003164559602737427,0.0003046654164791107,0.4513094946742058,0.0014781057834625244,0.001971408724784851,0.0034502819180488586,1,9,0,0
10000-10.csv,10000,10,0.005753125995397568,0.45366911217570305,0.0003058798611164093,0.0026981569826602936,0.46242978051304817,0.005002833902835846,0.02206796407699585,0.027071762830018997,1,9,0,0
100000-10.csv,100000,10,0.047013815492391586,0.4476453512907028,0.000402599573135376,0.02608931064605713,0.5211548805236816,0.04276900365948677,0.25685007497668266,0.29962117224931717,1,9,0,0
1000000-10.csv,1000000,10,0.429448239505291,0.4410169683396816,0.0012071654200553894,0.43897373229265213,1.3106531389057636,0.424868393689394,4.702925574034452,5.127797655761242,1,9,0,0
10000000-10.csv,10000000,10,4.501349698752165,0.4499177485704422,0.013870101422071457,6.296206392347813,11.261353317648172,4.542386692017317,63.72483914718032,68.26722921803594,1,9,0,0
100000000-10.csv,100000000,10,51.301917023956776,0.5374706834554672,0.1342059075832367,85.62365310266614,137.59725588932633,52.24077420681715,856.3258462436497,908.5666245147586,1,9,0,0
5000000-10.csv,5000000,10,2.4095486998558044,0.44218768551945686,0.00706791877746582,2.974690519273281,5.83350408449769,2.4258603900671005,29.07848896086216,31.5043528303504,1,9,0,0
50000000-10.csv,50000000,10,26.80040880665183,0.43815644085407257,0.06678444892168045,38.24532352387905,65.55068360641599,26.931390672922134,382.4453869871795,409.37678192183375,1,9,0,0
