Table Name,Rows,Columns,ML: Loading,ML: Compute Time,ML: Loading,ML: Validation Time,ML: Total,Naive: Loading,Naive: Compute Time,Naive: Total,True Pos,True Neg,False Pos,False Neg
100-10.csv,100,10,0.001359645277261734,0.456390593200922,0.00030250102281570435,0.00016881898045539856,0.4582265205681324,0.004052359610795975,0.0004974380135536194,0.004551947116851807,4,6,0,0
1000-10.csv,1000,10,0.0016273446381092072,0.6024835705757141,0.0003145672380924225,0.0008013434708118439,0.6052301600575447,0.0015862174332141876,0.0018859580159187317,0.0034731030464172363,4,6,0,0
10000-10.csv,10000,10,0.006014186888933182,0.44864441081881523,0.0003309287130832672,0.008905526250600815,0.46389811113476753,0.005184851586818695,0.02149401232600212,0.026679757982492447,4,6,0,0
100000-10.csv,100000,10,0.046408332884311676,0.4607130400836468,0.0006551444530487061,0.10178641602396965,0.6095670349895954,0.043703943490982056,0.25833721831440926,0.30204373598098755,4,6,0,0
1000000-10.csv,1000000,10,0.430908415466547,0.4523576982319355,0.00354902446269989,1.8391720689833164,2.7259972877800465,0.4279825799167156,4.621079031378031,5.049064792692661,4,6,0,0
10000000-10.csv,10000000,10,4.626157067716122,0.45537983626127243,0.05415590479969978,25.34593089669943,30.481633249670267,4.654372926801443,62.6031756028533,67.25755210593343,4,6,0,0
100000000-10.csv,100000000,10,52.550158731639385,0.4505263715982437,0.5262888073921204,342.3822654224932,395.90924801304936,52.37121666967869,852.2338658198714,904.6050864234567,4,6,0,0
5000000-10.csv,5000000,10,2.4827225022017956,0.47179894149303436,0.027071669697761536,11.651610527187586,14.633213348686695,2.473114263266325,29.175384759902954,31.648503307253122,4,6,0,0
50000000-10.csv,50000000,10,27.446766797453165,0.44774486497044563,0.2632439285516739,151.56409569829702,179.72186033055186,27.27202619239688,378.988472558558,406.2605024725199,4,6,0,0
