Table Name,Rows,Columns,ML: Loading I,ML: Compute Time,ML: Loading II,ML: Validation Time,ML: Total,Naive: Loading,Naive: Compute Time,Naive: Total,True Pos,True Neg,False Pos,False Neg
100-10.csv,100,10,0.0013745501637458801,0.4475651904940605,0.00028893351554870605,0.00011393800377845764,0.44934722781181335,0.0029389970004558563,0.0004370063543319702,0.0033774524927139282,2,8,0,0
1000-10.csv,1000,10,0.0016563795506954193,0.4428913928568363,0.00029315799474716187,0.00045645982027053833,0.44530100002884865,0.0016109868884086609,0.0019639283418655396,0.0035759322345256805,2,8,0,0
10000-10.csv,10000,10,0.005537189543247223,0.44545934721827507,0.00030896812677383423,0.004574641585350037,0.4558836333453655,0.005157105624675751,0.0216781347990036,0.02683636173605919,2,8,0,0
100000-10.csv,100000,10,0.045770928263664246,0.44680187851190567,0.0004464760422706604,0.05127490684390068,0.5442982092499733,0.04380211979150772,0.2566120997071266,0.30041638389229774,2,8,0,0
1000000-10.csv,1000000,10,0.42984240129590034,0.45203131437301636,0.0019964687526226044,0.8921352736651897,1.776014268398285,0.42967187240719795,4.608034133911133,5.037709001451731,2,8,0,0
10000000-10.csv,10000000,10,4.610988616943359,0.4556984044611454,0.02738003432750702,12.764906015247107,17.85898171365261,4.635835826396942,63.059501096606255,67.69534027948976,2,8,0,0
100000000-10.csv,100000000,10,51.892400331795216,0.4465183839201927,0.2646942287683487,170.69162402302027,223.29524575173855,52.42666647210717,856.5087809674442,908.9354516007006,2,8,0,0
5000000-10.csv,5000000,10,2.4540670178830624,0.4540887847542763,0.013900749385356903,5.817903436720371,8.739969238638878,2.474961683154106,29.152318131178617,31.62728425115347,2,8,0,0
50000000-10.csv,50000000,10,27.002790600061417,0.4463624507188797,0.1342470608651638,76.18339851126075,103.76680617779493,27.106874898076057,379.8371658474207,406.94404423609376,2,8,0,0
