Table Name,Rows,Columns,ML: Loading,ML: Compute Time,ML: Loading,ML: Validation Time,ML: Total,Naive: Loading,Naive: Compute Time,Naive: Total
100-10.parquet,100,10,0.003499343991279602,0.4562496729195118,0.00032052770256996155,0.0004928596317768097,0.46056636050343513,0.005209069699048996,0.001088608056306839,0.006299920380115509
1000-10.parquet,1000,10,0.002756558358669281,0.455516766756773,0.0002917386591434479,0.0005650445818901062,0.45913393422961235,0.0032389573752880096,0.0009259544312953949,0.00416584312915802
10000-10.parquet,10000,10,0.003929685801267624,0.44723622873425484,0.00031450018286705017,0.0009050332009792328,0.4523889869451523,0.004061415791511536,0.0018235109746456146,0.005885899066925049
100000-10.parquet,100000,10,0.009147454053163528,0.4495038613677025,0.0005899369716644287,0.0038537681102752686,0.4630988612771034,0.008049920201301575,0.010742850601673126,0.018794000148773193
1000000-10.parquet,1000000,10,0.05345204100012779,0.7831714116036892,0.0032355673611164093,0.06468601152300835,0.9045551531016827,0.04028430953621864,0.19107652828097343,0.2313629388809204
10000000-10.parquet,10000000,10,0.5791812688112259,0.4622921347618103,0.0425158254802227,2.983850806951523,4.067849237471819,0.4478292353451252,10.051010016351938,10.498842623084784
100000000-10.parquet,100000000,10,4.540907632559538,1.5323186628520489,0.4047475941479206,38.945231694728136,45.423215202987194,4.4507165886461735,127.31432621181011,131.76504547521472
5000000-10.parquet,5000000,10,0.19395501166582108,0.449575949460268,0.02181406319141388,1.6835078373551369,2.3488619811832905,0.18763071298599243,4.544214330613613,4.731847621500492
50000000-10.parquet,50000000,10,2.3146595433354378,1.0940981544554234,0.20432166382670403,16.912943579256535,20.526031829416752,2.273531835526228,58.92980682104826,61.20334108173847
