Table Name,Rows,Columns,ML: Loading,ML: Compute Time,ML: Loading,ML: Validation Time,ML: Total,Naive: Loading,Naive: Compute Time,Naive: Total
100-10.parquet,100,10,0.00359247624874115,0.5070167034864426,0.0002800188958644867,0.0004113800823688507,0.5113048739731312,0.004483070224523544,0.0008113458752632141,0.005295928567647934
1000-10.parquet,1000,10,0.0028921104967594147,0.45351024344563484,0.00027483701705932617,0.0004221685230731964,0.45710277929902077,0.0031384341418743134,0.0008745156228542328,0.004013903439044952
10000-10.parquet,10000,10,0.003832753747701645,0.45222529768943787,0.00028872862458229065,0.0005899704992771149,0.4569406770169735,0.004202999174594879,0.0019321180880069733,0.006136082112789154
100000-10.parquet,100000,10,0.010232530534267426,0.44545794650912285,0.00040820613503456116,0.0019064657390117645,0.45800893008708954,0.008768685162067413,0.010821480304002762,0.019591137766838074
1000000-10.parquet,1000000,10,0.05120692774653435,0.45507851243019104,0.0013581626117229462,0.023837797343730927,0.5314878821372986,0.041122905910015106,0.21850252524018288,0.2596283480525017
10000000-10.parquet,10000000,10,0.5747076496481895,0.5641094483435154,0.015006724745035172,1.0190745890140533,2.1729071252048016,0.4941621199250221,10.861012753099203,11.355177201330662
100000000-10.parquet,100000000,10,4.724764619022608,0.5967245176434517,0.1379094384610653,12.47927901148796,17.93868625164032,4.578741826117039,124.01966245472431,128.59840678051114
5000000-10.parquet,5000000,10,0.18987739458680153,0.9429373182356358,0.33710358664393425,0.4227650314569473,1.892692495137453,0.1962151639163494,4.537202503532171,4.733419727534056
50000000-10.parquet,50000000,10,2.43883803114295,0.9321483373641968,0.06957298889756203,5.909755203872919,9.350323639810085,2.3401933014392853,56.319435246288776,58.659630950540304
