Table Name,Rows,Columns,ML: Loading,ML: Compute Time,ML: Loading,ML: Validation Time,ML: Total,Naive: Loading,Naive: Compute Time,Naive: Total,True Pos,True Neg,False Pos,False Neg
100-10.parquet,100,10,0.0037329792976379395,0.45359474420547485,0.0002956278622150421,0.00013805553317070007,0.45776475593447685,0.0056636519730091095,0.0005674697458744049,0.006233535706996918,3,7,0,0
1000-10.parquet,1000,10,0.002842117100954056,0.4445352330803871,0.00028596818447113037,0.0006063096225261688,0.4482727721333504,0.003420744091272354,0.0018974170088768005,0.00531943142414093,3,7,0,0
10000-10.parquet,10000,10,0.0038459263741970062,0.4464297965168953,0.0003114752471446991,0.006543613970279694,0.4571339413523674,0.004017248749732971,0.020503003150224686,0.024521123617887497,3,7,0,0
100000-10.parquet,100000,10,0.009569641202688217,0.44697852060198784,0.0006946250796318054,0.07708641514182091,0.5343325138092041,0.009701050817966461,0.24624450132250786,0.25594738498330116,3,7,0,0
1000000-10.parquet,1000000,10,0.039991192519664764,0.462495107203722,0.003425896167755127,1.3958711363375187,1.9017915651202202,0.0468120314180851,4.618332322686911,4.6651470102369785,3,7,0,0
10000000-10.parquet,10000000,10,0.4818546883761883,0.4799107164144516,0.04187418520450592,18.934408985078335,19.938058882951736,0.5291252098977566,62.745562482625246,63.27469082176685,3,7,0,0
100000000-10.parquet,100000000,10,4.47317860648036,1.5488394163548946,0.4046643003821373,257.47113962098956,263.89783180877566,4.395280238240957,857.4373284652829,861.8326124921441,3,7,0,0
5000000-10.parquet,5000000,10,0.1967337541282177,1.2639095708727837,0.021550409495830536,8.750608161091805,10.232811015099287,0.183550912886858,29.032910093665123,29.216464921832085,3,7,0,0
50000000-10.parquet,50000000,10,2.216078583151102,0.9870042651891708,0.2056465782225132,113.88575321435928,117.29449190944433,2.2049838453531265,379.4684140905738,381.673400811851,3,7,0,0
