Table Name,Rows,Columns,ML: Loading,ML: Compute Time,ML: Loading,ML: Validation Time,ML: Total,Naive: Loading,Naive: Compute Time,Naive: Total,True Pos,True Neg,False Pos,False Neg
100-10.parquet,100,10,0.0035257339477539062,0.44468191638588905,0.00029281899333000183,0.00011368468403816223,0.4486173912882805,0.0056377798318862915,0.0005177780985832214,0.006157293915748596,2,8,0,0
1000-10.parquet,1000,10,0.002891324460506439,0.4439674913883209,0.00028891488909721375,0.00043888017535209656,0.4475898742675781,0.0034081600606441498,0.00178513303399086,0.005194142460823059,2,8,0,0
10000-10.parquet,10000,10,0.003838498145341873,0.44495315477252007,0.00031117722392082214,0.004548296332359314,0.4536539129912853,0.004233609884977341,0.020485199987888336,0.024719655513763428,2,8,0,0
100000-10.parquet,100000,10,0.011728454381227493,0.44423162192106247,0.0005492269992828369,0.05155260115861893,0.5080651864409447,0.009740151464939117,0.2477393075823784,0.25748154520988464,2,8,0,0
1000000-10.parquet,1000000,10,0.05361989885568619,0.44447020813822746,0.0026799701154232025,0.9386106804013252,1.439389631152153,0.05016853287816048,4.59651992097497,4.646691303700209,2,8,0,0
10000000-10.parquet,10000000,10,0.5511484518647194,0.4522337093949318,0.03148643299937248,12.69546678289771,13.730343736708164,0.5659971907734871,63.19271634146571,63.75871679186821,2,8,0,0
100000000-10.parquet,100000000,10,4.445464082062244,1.1798789985477924,0.27184338867664337,171.9837566949427,177.8809516504407,4.387704025954008,862.4403069019318,866.8280142992735,2,8,0,0
5000000-10.parquet,5000000,10,0.19707798212766647,0.7166706882417202,0.3072265163064003,5.87135561183095,7.092339977622032,0.1848815530538559,29.373254135251045,29.558138974010944,2,8,0,0
50000000-10.parquet,50000000,10,2.2378871589899063,0.9544014558196068,0.13721170276403427,76.34026775881648,79.66977728903294,2.1966503374278545,380.76191068440676,382.95856426656246,2,8,0,0
