Table Name,Rows,Columns,ML: Loading,ML: Compute Time,ML: Loading,ML: Validation Time,ML: Total,Naive: Loading,Naive: Compute Time,Naive: Total
100-10.parquet,100,10,0.00357920303940773,0.6176774129271507,0.0002870708703994751,0.0004429556429386139,0.6219903863966465,0.004667643457651138,0.000970304012298584,0.005639694631099701
1000-10.parquet,1000,10,0.002814698964357376,0.4534289836883545,0.0002835020422935486,0.0004846230149269104,0.4570160135626793,0.003068815916776657,0.0009233355522155762,0.003993131220340729
10000-10.parquet,10000,10,0.003964968025684357,0.4451650641858578,0.0003189891576766968,0.0007650665938854218,0.4502181261777878,0.00394584983587265,0.0018709003925323486,0.0058176517486572266
100000-10.parquet,100000,10,0.010630965232849121,0.45649130642414093,0.00048775598406791687,0.0028730295598506927,0.4704868830740452,0.008357372134923935,0.010754011571407318,0.01911241188645363
1000000-10.parquet,1000000,10,0.05075676366686821,0.4557430073618889,0.002368774265050888,0.04607806354761124,0.5549561493098736,0.040408410131931305,0.21561111137270927,0.2560216449201107
10000000-10.parquet,10000000,10,0.5160795859992504,0.552089549601078,0.029116224497556686,2.0755204260349274,3.172814391553402,0.5405810996890068,10.345939207822084,10.886522959917784
100000000-10.parquet,100000000,10,4.617734745144844,1.3101041987538338,0.00018530339002609253,0.00020665675401687622,5.92823526263237,4.408915966749191,123.52143958956003,127.93035816028714
5000000-10.parquet,5000000,10,0.1897229626774788,0.4607737585902214,0.00018514692783355713,0.00021795928478240967,0.6509048007428646,0.18461855128407478,4.441048178821802,4.62566826492548
50000000-10.parquet,50000000,10,3.0542822293937206,0.9066827297210693,0.1377294436097145,12.433023378252983,16.531726446002722,2.2586447708308697,55.89403983578086,58.15268662571907
