Table Name,Rows,Columns,ML: Loading,ML: Compute Time,ML: Loading,ML: Validation Time,ML: Total,Naive: Loading,Naive: Compute Time,Naive: Total,True Pos,True Neg,False Pos,False Neg
100-10.parquet,100,10,0.001990046352148056,0.46336817368865013,0.002535708248615265,0.00015378743410110474,0.4680510312318802,0.003576260060071945,0.000395309180021286,0.003972750157117844,2,8,0,0
1000-10.parquet,1000,10,0.0014569014310836792,0.45171184465289116,0.0023931749165058136,0.0005039982497692108,0.4560696706175804,0.0027879029512405396,0.0018663331866264343,0.004655193537473679,2,8,0,0
10000-10.parquet,10000,10,0.0021765604615211487,0.4452501907944679,0.00269901379942894,0.004518117755651474,0.4546474888920784,0.004102267324924469,0.02081609144806862,0.02491942048072815,2,8,0,0
100000-10.parquet,100000,10,0.007675331085920334,0.4584389813244343,0.005889493972063065,0.05168528854846954,0.523693110793829,0.009726151823997498,0.2572104409337044,0.26693878695368767,2,8,0,0
1000000-10.parquet,1000000,10,0.029836680740118027,0.44627607241272926,0.024432532489299774,0.9193289056420326,1.4198806285858154,0.04609325900673866,4.596844870597124,4.642940748482943,2,8,0,0
10000000-10.parquet,10000000,10,0.2347608283162117,0.9198378659784794,0.23254931345582008,12.625581599771976,14.012735821306705,0.48224038630723953,63.30006759241223,63.78231245279312,2,8,0,0
100000000-10.parquet,100000000,10,1.5973521992564201,0.44362782686948776,2.2238601371645927,170.97705682367086,175.24190306663513,4.39070950075984,861.1112698614597,865.5019830316305,2,8,0,0
5000000-10.parquet,5000000,10,0.11427715793251991,0.597775049507618,0.10334135964512825,5.821393899619579,6.6367950811982155,0.1847216747701168,29.055418327450752,29.240143664181232,2,8,0,0
50000000-10.parquet,50000000,10,1.199362937361002,0.4487295411527157,1.159932654350996,76.59961250424385,79.40764516964555,2.2522278763353825,381.79017271101475,384.0424039438367,2,8,0,0
