Table Name,Rows,Columns,ML: Loading,ML: Compute Time,ML: Loading,ML: Validation Time,ML: Total,Naive: Loading,Naive: Compute Time,Naive: Total,True Pos,True Neg,False Pos,False Neg
100-10.parquet,100,10,0.002250898629426956,0.46511200070381165,0.0029882341623306274,0.00029006972908973694,0.4706452339887619,0.0035923905670642853,0.00040595605969429016,0.003999479115009308,4,6,0,0
1000-10.parquet,1000,10,0.0016144812107086182,0.4490033909678459,0.0027120038866996765,0.0009161345660686493,0.4542490914463997,0.0027990154922008514,0.0018275417387485504,0.0046275295317173,4,6,0,0
10000-10.parquet,10000,10,0.002466004341840744,0.4462887570261955,0.0032689645886421204,0.00876050814986229,0.4607875943183899,0.004089225083589554,0.02049868181347847,0.024588946253061295,4,6,0,0
100000-10.parquet,100000,10,0.007689259946346283,0.4513995796442032,0.006180901080369949,0.10165641456842422,0.5669301003217697,0.009589869529008865,0.24630500376224518,0.25589702650904655,4,6,0,0
1000000-10.parquet,1000000,10,0.030694279819726944,0.45000001415610313,0.028987128287553787,1.844676423817873,2.3543641418218613,0.04660651460289955,4.5825541988015175,4.629164010286331,4,6,0,0
10000000-10.parquet,10000000,10,0.23278629779815674,0.4466688446700573,0.26773498579859734,25.40921663120389,26.35641299188137,0.4719042181968689,62.95321302115917,63.42512061819434,4,6,0,0
100000000-10.parquet,100000000,10,1.5971337407827377,0.463667094707489,2.5758408196270466,341.8473878800869,346.48403515294194,4.411066934466362,857.9122041687369,862.3232746087015,4,6,0,0
5000000-10.parquet,5000000,10,0.11293925344944,0.8632349260151386,0.11311697214841843,11.622265540063381,12.711563020944595,0.18810424953699112,29.136549293994904,29.32465623691678,4,6,0,0
50000000-10.parquet,50000000,10,1.1709736734628677,0.44796932861208916,1.3974064886569977,151.9543557278812,154.97071330621839,2.2273971885442734,379.2986187301576,381.52601882070303,4,6,0,0
