Table Name,Rows,Columns,ML: Loading,ML: Compute Time,ML: Loading,ML: Validation Time,ML: Total,Naive: Loading,Naive: Compute Time,Naive: Total
100-10.parquet,100,10,0.00225159153342247,0.46483005955815315,0.002405598759651184,0.0003592073917388916,0.46985047310590744,0.0032422617077827454,0.0008027367293834686,0.004046153277158737
1000-10.parquet,1000,10,0.0015513449907302856,0.44984056428074837,0.002372417598962784,0.0003818310797214508,0.45414990931749344,0.0026989877223968506,0.000891510397195816,0.003591518849134445
10000-10.parquet,10000,10,0.002188306301832199,0.4465467520058155,0.0027021579444408417,0.000568930059671402,0.45200975984334946,0.0032901428639888763,0.00189942866563797,0.005190502852201462
100000-10.parquet,100000,10,0.007769804447889328,0.45035286992788315,0.005396265536546707,0.0019496157765388489,0.46547264605760574,0.009289324283599854,0.01126759871840477,0.020557966083288193
1000000-10.parquet,1000000,10,0.03149552643299103,0.4603285640478134,0.025315076112747192,0.025922410190105438,0.543068952858448,0.051682546734809875,0.22578848153352737,0.27747300267219543
10000000-10.parquet,10000000,10,0.2578643970191479,1.1140736155211926,0.21909451484680176,1.050292570143938,2.641333233565092,0.512680895626545,10.538573231548071,11.051256280392408
100000000-10.parquet,100000000,10,1.8079518377780914,0.44582658261060715,2.033741232007742,12.562435675412416,16.849962420761585,4.693258937448263,127.8688780926168,132.5621391646564
5000000-10.parquet,5000000,10,0.12999944761395454,0.4454762935638428,0.10143369063735008,0.41119587793946266,1.0881104953587055,0.19377430900931358,4.593151945620775,4.78692851215601
50000000-10.parquet,50000000,10,1.3766420222818851,0.4905272424221039,1.085944265127182,5.846869666129351,8.799992751330137,2.4501393362879753,57.02346896380186,59.47361062094569
