Table Name,Rows,Columns,ML: Loading I,ML: Compute Time,ML: Loading II,ML: Validation Time,ML: Total,Naive: Loading,Naive: Compute Time,Naive: Total,True Pos,True Neg,False Pos,False Neg
100-10.parquet,100,10,0.0035906732082366943,0.4652619883418083,0.00033036619424819946,8.0060213804245e-05,0.46926644444465637,0.004626356065273285,0.00040498003363609314,0.005032632499933243,1,9,0,0
1000-10.parquet,1000,10,0.0028209201991558075,0.4590221382677555,0.00029912590980529785,0.0002579502761363983,0.4624032787978649,0.003258403390645981,0.001852419227361679,0.005111660808324814,1,9,0,0
10000-10.parquet,10000,10,0.0034030042588710785,0.4547324776649475,0.0002966932952404022,0.0025428757071495056,0.4609781689941883,0.004195936024188995,0.02068384364247322,0.024880845099687576,1,9,0,0
100000-10.parquet,100000,10,0.009071752429008484,0.46115147322416306,0.00040865689516067505,0.026417825371026993,0.49705325067043304,0.009646054357290268,0.24564170092344284,0.2552897222340107,1,9,0,0
1000000-10.parquet,1000000,10,0.040803588926792145,0.46019893884658813,0.0014417804777622223,0.46121444925665855,0.9636657163500786,0.04975631460547447,4.581872723996639,4.631632041186094,1,9,0,0
10000000-10.parquet,10000000,10,0.478800892829895,0.7910469807684422,0.015487566590309143,6.333984766155481,7.619329120963812,0.47592734172940254,62.9125457406044,63.388476356863976,1,9,0,0
100000000-10.parquet,100000000,10,4.5677355751395226,0.46851304545998573,0.13789990916848183,87.07020292803645,92.24436162412167,4.497119572013617,856.5085486248136,861.0056716166437,1,9,0,0
5000000-10.parquet,5000000,10,0.19438040256500244,0.7466825395822525,0.26100605726242065,2.9503607973456383,4.152439694851637,0.1811704784631729,28.792498975992203,28.97367349267006,1,9,0,0
50000000-10.parquet,50000000,10,2.21706735342741,1.0581208802759647,0.06851978600025177,37.89144963771105,41.23516668006778,2.1911841444671154,380.2449794150889,382.4361663684249,1,9,0,0
