Table Name,Rows,Columns,ML: Loading,ML: Compute Time,ML: Loading,ML: Validation Time,ML: Total,Naive: Loading,Naive: Compute Time,Naive: Total,True Pos,True Neg,False Pos,False Neg
100-10.parquet,100,10,0.0037393681704998016,0.46209975332021713,0.00031914934515953064,0.00017565861344337463,0.46633782610297203,0.006537307053804398,0.0006104707717895508,0.007150463759899139,4,6,0,0
1000-10.parquet,1000,10,0.0030475258827209473,0.4467345252633095,0.0002996958792209625,0.0008059963583946228,0.4508913867175579,0.003901112824678421,0.0018545910716056824,0.005756538361310959,4,6,0,0
10000-10.parquet,10000,10,0.004061095416545868,0.9140661880373955,0.00040695443749427795,0.009310409426689148,0.9278482124209404,0.004134330898523331,0.02115471288561821,0.02528996765613556,4,6,0,0
100000-10.parquet,100000,10,0.009981498122215271,0.4481305032968521,0.0008367113769054413,0.10323383659124374,0.5621862709522247,0.009404178708791733,0.2489665411412716,0.25837185233831406,4,6,0,0
1000000-10.parquet,1000000,10,0.05377750098705292,0.4495530240237713,0.004449866712093353,1.8456197082996368,2.3534096032381058,0.04599153995513916,4.726845979690552,4.772841036319733,4,6,0,0
10000000-10.parquet,10000000,10,0.4694531708955765,0.4689703695476055,0.060263413935899734,25.29054808244109,26.289244931191206,0.4553498290479183,63.23449705168605,63.68984987214208,4,6,0,0
100000000-10.parquet,100000000,10,4.48926031216979,1.3078778870403767,0.5879664346575737,344.74235140904784,351.12746534124017,4.492683906108141,861.110518924892,865.6032059267163,4,6,0,0
5000000-10.parquet,5000000,10,0.19404297322034836,0.45650728791952133,0.028571762144565582,11.693218123167753,12.372349601238966,0.22216017171740532,29.01413770020008,29.236301373690367,4,6,0,0
50000000-10.parquet,50000000,10,2.215650498867035,0.8753438889980316,0.2717098407447338,152.43253834545612,155.79525115713477,2.2020062655210495,382.62226923555136,384.8242787569761,4,6,0,0
