Table Name,Rows,Columns,ML: Loading I,ML: Compute Time,ML: Loading II,ML: Validation Time,ML: Total,Naive: Loading,Naive: Compute Time,Naive: Total,True Pos,True Neg,False Pos,False Neg
100-10.parquet,100,10,0.0019583702087402344,0.4582597687840462,0.0025078989565372467,0.00018054991960525513,0.46290991827845573,0.0035582929849624634,0.0004192851483821869,0.003978662192821503,3,7,0,0
1000-10.parquet,1000,10,0.0015548579394817352,0.4559830017387867,0.0025322996079921722,0.0007521696388721466,0.4608258455991745,0.002640843391418457,0.0018298886716365814,0.0044715628027915955,3,7,0,0
10000-10.parquet,10000,10,0.002422776073217392,0.45112520828843117,0.002993181347846985,0.006640736013650894,0.46318552270531654,0.003925852477550507,0.020302321761846542,0.024229060858488083,3,7,0,0
100000-10.parquet,100000,10,0.009360011667013168,1.4681769870221615,0.006388496607542038,0.08053022995591164,1.5644594952464104,0.008568257093429565,0.24708358943462372,0.2556539326906204,3,7,0,0
1000000-10.parquet,1000000,10,0.03220370039343834,0.454765647649765,0.02551853284239769,1.356141496449709,1.8686350099742413,0.04997291788458824,4.665698669850826,4.715674605220556,3,7,0,0
10000000-10.parquet,10000000,10,0.2425682730972767,0.4470147676765919,0.2583311088383198,18.96086385846138,19.90878576785326,0.5438475236296654,63.12243377417326,63.66628506034613,3,7,0,0
100000000-10.parquet,100000000,10,1.6024668291211128,0.4462943933904171,2.42531206831336,256.9933520145714,261.4674338325858,4.437270112335682,856.736768040806,861.1740412451327,3,7,0,0
5000000-10.parquet,5000000,10,0.11481544002890587,0.46251174435019493,0.10575742647051811,8.687994543462992,9.371084868907928,0.19496799632906914,29.00083852931857,29.195809934288263,3,7,0,0
50000000-10.parquet,50000000,10,1.1834049336612225,0.447280365973711,1.3086804077029228,114.8945118971169,117.83388417959213,2.2251016534864902,379.7313333004713,381.9564390294254,3,7,0,0
