Table Name,Rows,Columns,ML: Loading,ML: Compute Time,ML: Loading,ML: Validation Time,ML: Total,Naive: Loading,Naive: Compute Time,Naive: Total
100-10.parquet,100,10,0.015542563050985336,0.4606843665242195,0.008255921304225922,0.0006297938525676727,0.48511674255132675,0.002321965992450714,0.0008451379835605621,0.0031680166721343994
1000-10.parquet,1000,10,0.0016134530305862427,0.4506852440536022,0.0026223473250865936,0.0006158947944641113,0.4555407464504242,0.0023981258273124695,0.0008872374892234802,0.0032863393425941467
10000-10.parquet,10000,10,0.0021639615297317505,0.4664754644036293,0.003366190940141678,0.0011975765228271484,0.47320712357759476,0.0027591586112976074,0.0021057315170764923,0.004865884780883789
100000-10.parquet,100000,10,0.008348938077688217,1.3558036498725414,0.006942790001630783,0.00519140437245369,1.3762910179793835,0.006828326731920242,0.011186905205249786,0.018016524612903595
1000000-10.parquet,1000000,10,0.03254824876785278,0.45333782210946083,0.03168424963951111,0.09376681968569756,0.6113420091569424,0.05282412841916084,0.20093131437897682,0.25375787168741226
10000000-10.parquet,10000000,10,0.25249984487891197,0.4560227580368519,0.3044213615357876,4.273885678499937,5.286834951490164,0.49655548483133316,10.275392457842827,10.771950203925371
100000000-10.parquet,100000000,10,1.65352813154459,0.48040342703461647,2.6789018251001835,50.75925927609205,55.57210063561797,4.558285336941481,124.03463207185268,128.59291980788112
5000000-10.parquet,5000000,10,0.12557066977024078,0.4628612995147705,0.13058005645871162,1.8266753517091274,2.5456924811005592,0.2175716683268547,4.52554876729846,4.743122648447752
50000000-10.parquet,50000000,10,1.2411474324762821,0.9108009673655033,0.009943701326847076,0.00024414435029029846,2.162141054868698,2.5188656114041805,55.88880855590105,58.40767649933696
