Table Name,Rows,Columns,ML: Loading I,ML: Compute Time,ML: Loading II,ML: Validation Time,ML: Total,Naive: Loading,Naive: Compute Time,Naive: Total,True Pos,True Neg,False Pos,False Neg
100-10.parquet,100,10,0.0019732266664505005,0.4442151412367821,0.002640359103679657,0.00012189149856567383,0.44895391166210175,0.0036941133439540863,0.0004137866199016571,0.004109088331460953,1,9,0,0
1000-10.parquet,1000,10,0.0015295036137104034,0.44548237696290016,0.0023742206394672394,0.0004131011664867401,0.4498023949563503,0.002675626426935196,0.0018611177802085876,0.00453769788146019,1,9,0,0
10000-10.parquet,10000,10,0.0022065676748752594,0.4402395933866501,0.0026292651891708374,0.0024091191589832306,0.44748807325959206,0.0038914084434509277,0.02033882588148117,0.02423109859228134,1,9,0,0
100000-10.parquet,100000,10,0.007614117115736008,0.45065900683403015,0.00507490336894989,0.02543329820036888,0.4887847602367401,0.010095678269863129,0.24671966210007668,0.25681833550333977,1,9,0,0
1000000-10.parquet,1000000,10,0.029444407671689987,0.445695236325264,0.023691125214099884,0.4404423087835312,0.9392781741917133,0.051510319113731384,4.610201716423035,4.661715492606163,1,9,0,0
10000000-10.parquet,10000000,10,0.2522903308272362,0.889417115598917,0.21474794670939445,6.281912878155708,7.638374142348766,0.47882094979286194,63.05250461027026,63.53132915869355,1,9,0,0
100000000-10.parquet,100000000,10,1.6002011559903622,0.4433582201600075,1.9409721419215202,85.72256731241941,89.70710577070713,4.494764119386673,857.1010372266173,861.5958049073815,1,9,0,0
5000000-10.parquet,5000000,10,0.11640416085720062,1.0091722756624222,0.09724058583378792,2.839340887963772,4.062164306640625,0.18534362688660622,29.205493070185184,29.39083980023861,1,9,0,0
50000000-10.parquet,50000000,10,1.180289153009653,0.731925692409277,1.0078171864151955,38.21472376585007,41.13476286455989,2.234875775873661,381.706075489521,383.94095423445106,1,9,0,0
